Workbook

Sheet NTA per capita
A1: Country | B1: Year | C1: VarName | D1: 0 | E1: 1 | F1: 2 | G1: 3 | H1: 4 | I1: 5 | J1: 6 | K1: 7 | L1: 8 | M1: 9 | N1: 10 | O1: 11 | P1: 12 | Q1: 13 | R1: 14 | S1: 15 | T1: 16 | U1: 17 | V1: 18 | W1: 19 | X1: 20 | Y1: 21 | Z1: 22 | AA1: 23 | AB1: 24 | AC1: 25 | AD1: 26 | AE1: 27 | AF1: 28 | AG1: 29 | AH1: 30 | AI1: 31 | AJ1: 32 | AK1: 33 | AL1: 34 | AM1: 35 | AN1: 36 | AO1: 37 | AP1: 38 | AQ1: 39 | AR1: 40 | AS1: 41 | AT1: 42 | AU1: 43 | AV1: 44 | AW1: 45 | AX1: 46 | AY1: 47 | AZ1: 48 | BA1: 49 | BB1: 50 | BC1: 51 | BD1: 52 | BE1: 53 | BF1: 54 | BG1: 55 | BH1: 56 | BI1: 57 | BJ1: 58 | BK1: 59 | BL1: 60 | BM1: 61 | BN1: 62 | BO1: 63 | BP1: 64 | BQ1: 65 | BR1: 66 | BS1: 67 | BT1: 68 | BU1: 69 | BV1: 70 | BW1: 71 | BX1: 72 | BY1: 73 | BZ1: 74 | CA1: 75 | CB1: 76 | CC1: 77 | CD1: 78 | CE1: 79 | CF1: 80 | CG1: 81 | CH1: 82 | CI1: 83 | CJ1: 84 | CK1: 85 | CL1: 86 | CM1: 87 | CN1: 88 | CO1: 89 | CP1: 90 | CQ1: 91 | CR1: 92 | CS1: 93 | CT1: 94 | CU1: 95 | CV1: 96 | CW1: 97 | CX1: 98 | CY1: 99 | CZ1: 100
A2: China | B2: 2014 | C2: YL | D2: 0 | E2: 0 | F2: 0 | G2: 0 | H2: 0 | I2: 0 | J2: 0 | K2: 0 | L2: 0 | M2: 0 | N2: 0 | O2: 0 | P2: 2.9215468e-12 | Q2: 0.020935715 | R2: 0.11866241 | S2: 0.32713891 | T2: 0.65317839 | U2: 1.1062164 | V2: 1.6459658 | W2: 2.2037342 | X2: 2.7660824 | Y2: 3.3284298 | Z2: 3.8791584 | AA2: 4.4614915 | AB2: 5.0694092 | AC2: 5.6309943 | AD2: 6.1014451 | AE2: 6.4283341 | AF2: 6.5462966 | AG2: 6.5701757 | AH2: 6.5835369 | AI2: 6.5414739 | AJ2: 6.4925833 | AK2: 6.4197882 | AL2: 6.2606816 | AM2: 6.0231266 | AN2: 5.7413482 | AO2: 5.4406339 | AP2: 5.1629736 | AQ2: 4.896627 | AR2: 4.6881099 | AS2: 4.5790499 | AT2: 4.4807065 | AU2: 4.3759925 | AV2: 4.2335692 | AW2: 4.014082 | AX2: 3.7546684 | AY2: 3.553035 | AZ2: 3.4301939 | BA2: 3.3278196 | BB2: 3.2130595 | BC2: 3.052189 | BD2: 2.8387755 | BE2: 2.5855097 | BF2: 2.3545322 | BG2: 2.1804026 | BH2: 2.0666917 | BI2: 1.9664639 | BJ2: 1.8412244 | BK2: 1.6744488 | BL2: 1.4569122 | BM2: 1.2017423 | BN2: 0.94965887 | BO2: 0.75475786 | BP2: 0.62662016 | BQ2: 0.5355481 | BR2: 0.45211808 | BS2: 0.36265395 | BT2: 0.28923203 | BU2: 0.248518 | BV2: 0.21519649 | BW2: 0.18482121 | BX2: 0.15811408 | BY2: 0.12223571 | BZ2: 0.079269906 | CA2: 0.056374828 | CB2: 0.041675892 | CC2: 0.033362065 | CD2: 0.035678369 | CE2: 0.033736728 | CF2: 0.027603654 | CG2: 0.024073586 | CH2: 0.016847154 | CI2: 0.0048492353 | CJ2: 6.7672954e-13 | CK2: 0 | CL2: 0 | CM2: 0 | CN2: 0 | CO2: 0 | CP2: 0 | CQ2: 0 | CR2: 0 | CS2: 0 | CT2: 0 | CU2: 0 | CV2: 0 | CW2: 0 | CX2: 0 | CY2: 0 | CZ2: 0
A3: China | B3: 2014 | C3: C | D3: 1.2055659 | E3: 1.177916 | F3: 1.1442746 | G3: 1.1836461 | H3: 1.3310799 | I3: 1.568527 | J3: 1.7431337 | K3: 2.2858224 | L3: 2.6352539 | M3: 2.6822451 | N3: 2.7623158 | O3: 2.8082559 | P3: 2.834878 | Q3: 3.121708 | R3: 3.2325572 | S3: 3.3813931 | T3: 3.0164479 | U3: 3.0042823 | V3: 2.8984371 | W3: 2.7606008 | X3: 3.020344 | Y3: 2.6328064 | Z3: 2.3530833 | AA3: 2.0812141 | AB3: 2.0544903 | AC3: 2.0111298 | AD3: 2.0364514 | AE3: 2.0350098 | AF3: 2.0510097 | AG3: 2.0212885 | AH3: 2.0271242 | AI3: 2.0457994 | AJ3: 2.0640342 | AK3: 2.0932365 | AL3: 2.0735017 | AM3: 2.0393967 | AN3: 1.9955725 | AO3: 1.9481444 | AP3: 1.8668242 | AQ3: 1.8278653 | AR3: 1.7918982 | AS3: 1.7641635 | AT3: 1.7679149 | AU3: 1.8114563 | AV3: 1.8059191 | AW3: 1.8174728 | AX3: 1.829657 | AY3: 1.8389195 | AZ3: 1.8691929 | BA3: 1.9152099 | BB3: 1.9516907 | BC3: 1.9878934 | BD3: 2.021821 | BE3: 2.0246454 | BF3: 2.0087239 | BG3: 2.0014665 | BH3: 2.0029623 | BI3: 1.9855424 | BJ3: 1.9571286 | BK3: 1.9483857 | BL3: 1.9377687 | BM3: 1.9143736 | BN3: 1.9131733 | BO3: 1.9229519 | BP3: 1.9282087 | BQ3: 1.9399885 | BR3: 1.9523567 | BS3: 1.9357005 | BT3: 1.9084313 | BU3: 1.9039889 | BV3: 1.9211122 | BW3: 1.9461003 | BX3: 1.9971825 | BY3: 2.0709958 | BZ3: 2.1185119 | CA3: 2.144314 | CB3: 2.1782242 | CC3: 2.1946206 | CD3: 2.1636293 | CE3: 2.1032268 | CF3: 2.0567866 | CG3: 2.028908 | CH3: 2.0026064 | CI3: 2.0111203 | CJ3: 2.0262421 | CK3: 2.0001063 | CL3: 2.007682 | CM3: 2.0780896 | CN3: 2.1416873 | CO3: 2.2510384 | CP3: 2.3494523 | CQ3: 2.3494523 | CR3: 2.3494523 | CS3: 2.3494523 | CT3: 2.3494523 | CU3: 2.3494523 | CV3: 2.3494523 | CW3: 2.3494523 | CX3: 2.3494523 | CY3: 2.3494523 | CZ3: 2.3494523
A4: Republic of Korea | B4: 2012 | C4: YL | D4: 0 | E4: 0 | F4: 0 | G4: 0 | H4: 0 | I4: 0 | J4: 0 | K4: 0 | L4: 0 | M4: 0 | N4: 0 | O4: 0 | P4: 0 | Q4: 0 | R4: 0 | S4: 0 | T4: 0 | U4: 0.03917845 | V4: 0.30438181 | W4: 0.57310819 | X4: 0.83808643 | Y4: 1.083669 | Z4: 1.4285931 | AA4: 1.8631748 | AB4: 2.1875766 | AC4: 2.5526013 | AD4: 2.9876681 | AE4: 3.2887571 | AF4: 3.7225317 | AG4: 4.1144699 | AH4: 4.4222295 | AI4: 4.5863889 | AJ4: 4.8530185 | AK4: 4.8579733 | AL4: 4.9947899 | AM4: 5.0071906 | AN4: 5.01687 | AO4: 5.2508732 | AP4: 5.287809 | AQ4: 5.2725897 | AR4: 5.2851536 | AS4: 5.4134201 | AT4: 5.1636872 | AU4: 5.4209943 | AV4: 5.0021457 | AW4: 5.0192548 | AX4: 4.9945906 | AY4: 4.9466081 | AZ4: 4.3059368 | BA4: 4.898476 | BB4: 4.3355376 | BC4: 4.6498698 | BD4: 4.3851086 | BE4: 4.1152718 | BF4: 3.8628141 | BG4: 3.5947768 | BH4: 3.4513348 | BI4: 3.4927692 | BJ4: 2.9374707 | BK4: 2.9294303 | BL4: 2.7761951 | BM4: 2.1409961 | BN4: 2.1345905 | BO4: 1.820865 | BP4: 1.598921 | BQ4: 1.4252574 | BR4: 0.99559041 | BS4: 0.92811767 | BT4: 0.76962164 | BU4: 0.70607221 | BV4: 0.52118535 | BW4: 0.35623582 | BX4: 0.32947825 | BY4: 0.28135315 | BZ4: 0.2311677 | CA4: 0.19107546 | CB4: 0.15274881 | CC4: 0.14070572 | CD4: 0.11139725 | CE4: 0.090331336 | CF4: 0.069137064 | CG4: 0.051933282 | CH4: 0.038184135 | CI4: 0.023705967 | CJ4: 0.0098422271 | CK4: 0.0068667536 | CL4: 0.0068667536 | CM4: 0.0068667536 | CN4: 0.0068667536 | CO4: 0.0068667536 | CP4: 0.0068667536 | CQ4: 0.0068667536 | CR4: 0.0068667536 | CS4: 0.0068667536 | CT4: 0.0068667536 | CU4: 0.0068667536 | CV4: 0.0068667536 | CW4: 0.0068667536 | CX4: 0.0068667536 | CY4: 0.0068667536 | CZ4: 0.0068667536
A5: Republic of Korea | B5: 2012 | C5: C | D5: 1.7251798 | E5: 1.6745381 | F5: 1.6939418 | G5: 1.7181962 | H5: 1.7344607 | I5: 1.7642676 | J5: 3.2230049 | K5: 4.079445 | L5: 3.9776589 | M5: 4.1276494 | N5: 4.2834846 | O5: 4.4521689 | P5: 4.4539346 | Q5: 4.3864406 | R5: 4.3264161 | S5: 4.58071 | T5: 4.9536424 | U5: 4.8125647 | V5: 3.6265735 | W5: 3.5813621 | X5: 3.6716572 | Y5: 3.2219698 | Z5: 3.3213814 | AA5: 3.2144985 | AB5: 3.1586578 | AC5: 3.1397585 | AD5: 3.2132328 | AE5: 3.0352353 | AF5: 3.1576156 | AG5: 3.3000562 | AH5: 3.3491005 | AI5: 3.314156 | AJ5: 3.3679073 | AK5: 3.2495317 | AL5: 3.2861578 | AM5: 3.2463414 | AN5: 3.2254836 | AO5: 3.2621496 | AP5: 3.3291215 | AQ5: 3.2403928 | AR5: 3.1833663 | AS5: 3.2287224 | AT5: 3.1188743 | AU5: 3.2777253 | AV5: 3.1069552 | AW5: 3.109016 | AX5: 3.1566104 | AY5: 3.1653215 | AZ5: 2.9359632 | BA5: 3.3029457 | BB5: 3.0742446 | BC5: 3.4707842 | BD5: 3.4507508 | BE5: 3.3588097 | BF5: 3.3628058 | BG5: 3.3111769 | BH5: 3.3358553 | BI5: 3.5849155 | BJ5: 3.1959012 | BK5: 3.3516639 | BL5: 3.5356346 | BM5: 3.0608965 | BN5: 3.3826704 | BO5: 3.2411831 | BP5: 3.2838966 | BQ5: 3.3610973 | BR5: 2.6510732 | BS5: 3.1135209 | BT5: 2.992973 | BU5: 3.2320131 | BV5: 3.206388 | BW5: 2.8616306 | BX5: 2.8517319 | BY5: 2.882778 | BZ5: 2.7900009 | CA5: 2.8661319 | CB5: 2.8713691 | CC5: 2.8579816 | CD5: 2.7121637 | CE5: 2.6333548 | CF5: 2.6535463 | CG5: 2.5649975 | CH5: 2.7257598 | CI5: 2.8548757 | CJ5: 2.775508 | CK5: 2.7407503 | CL5: 2.7407503 | CM5: 2.7407503 | CN5: 2.7407503 | CO5: 2.7407503 | CP5: 2.7407503 | CQ5: 2.7407503 | CR5: 2.7407503 | CS5: 2.7407503 | CT5: 2.7407503 | CU5: 2.7407503 | CV5: 2.7407503 | CW5: 2.7407503 | CX5: 2.7407503 | CY5: 2.7407503 | CZ5: 2.7407503
A6: Ethiopia | B6: 2005 | C6: YL | D6: 2.7698159e-07 | E6: 2.3237461e-06 | F6: 1.7106673e-05 | G6: 0.00010700801 | H6: 0.00055225452 | I6: 0.0023056639 | J6: 0.0077702252 | K6: 0.021482045 | L6: 0.049987289 | M6: 0.10028465 | N6: 0.17651269 | O6: 0.27647058 | P6: 0.39278299 | Q6: 0.5197051 | R6: 0.65680231 | S6: 0.80521391 | T6: 0.96343095 | U6: 1.1279581 | V6: 1.2987228 | W6: 1.485446 | X6: 1.7074365 | Y6: 1.981091 | Z6: 2.2993271 | AA6: 2.6256784 | AB6: 2.924639 | AC6: 3.1931738 | AD6: 3.445604 | AE6: 3.6798594 | AF6: 3.8747323 | AG6: 4.0215182 | AH6: 4.1471636 | AI6: 4.3008443 | AJ6: 4.5197491 | AK6: 4.7895059 | AL6: 5.0411422 | AM6: 5.2163259 | AN6: 5.3045654 | AO6: 5.3202615 | AP6: 5.2911082 | AQ6: 5.2573763 | AR6: 5.2526345 | AS6: 5.282226 | AT6: 5.3135823 | AU6: 5.2923297 | AV6: 5.2052938 | AW6: 5.1008982 | AX6: 5.0153344 | AY6: 4.9267158 | AZ6: 4.7931691 | BA6: 4.6297738 | BB6: 4.5031425 | BC6: 4.4453246 | BD6: 4.4071028 | BE6: 4.2898814 | BF6: 4.0590862 | BG6: 3.7835501 | BH6: 3.5199985 | BI6: 3.260573 | BJ6: 2.997132 | BK6: 2.7639887 | BL6: 2.5872556 | BM6: 2.4538084 | BN6: 2.3406941 | BO6: 2.2385427 | BP6: 2.1460705 | BQ6: 2.0523373 | BR6: 1.9364413 | BS6: 1.7857955 | BT6: 1.6173423 | BU6: 1.4709142 | BV6: 1.3713565 | BW6: 1.3163526 | BX6: 1.2922308 | BY6: 1.2825014 | BZ6: 1.2675255 | CA6: 1.2272894 | CB6: 1.1457221 | CC6: 1.0197904 | CD6: 0.87794104 | CE6: 0.76681477 | CF6: 0.70296412 | CG6: 0.66978304 | CH6: 0.64397925 | CI6: 0.60893834 | CJ6: 0.56333011 | CK6: 0.51948216 | CL6: 0.51948216 | CM6: 0.51948216 | CN6: 0.51948216 | CO6: 0.51948216 | CP6: 0.51948216 | CQ6: 0.51948216 | CR6: 0.51948216 | CS6: 0.51948216 | CT6: 0.51948216 | CU6: 0.51948216 | CV6: 0.51948216 | CW6: 0.51948216 | CX6: 0.51948216 | CY6: 0.51948216 | CZ6: 0.51948216
A7: Ethiopia | B7: 2005 | C7: C | D7: 1.2761234 | E7: 1.2806615 | F7: 1.3143685 | G7: 1.2945262 | H7: 1.2449052 | I7: 1.2536558 | J7: 1.3699486 | K7: 1.5891405 | L7: 1.7911256 | M7: 2.09249 | N7: 2.2262436 | O7: 2.4649847 | P7: 2.5355499 | Q7: 2.5979275 | R7: 2.9242943 | S7: 2.9600918 | T7: 3.1622716 | U7: 3.5537922 | V7: 3.4062843 | W7: 3.628497 | X7: 3.7287564 | Y7: 3.8431538 | Z7: 4.126125 | AA7: 4.2015748 | AB7: 4.3617809 | AC7: 3.7084058 | AD7: 4.0446943 | AE7: 3.9467403 | AF7: 4.1418669 | AG7: 4.3021242 | AH7: 3.5322621 | AI7: 3.6730799 | AJ7: 3.6762308 | AK7: 3.4660175 | AL7: 3.7181075 | AM7: 3.5744569 | AN7: 3.7128692 | AO7: 3.6081571 | AP7: 3.3818324 | AQ7: 3.0636978 | AR7: 2.9976981 | AS7: 2.8733374 | AT7: 3.0398397 | AU7: 3.5076244 | AV7: 2.8692636 | AW7: 2.7677476 | AX7: 2.739537 | AY7: 2.9414224 | AZ7: 3.089641 | BA7: 2.555516 | BB7: 3.0211708 | BC7: 2.8460829 | BD7: 3.2716271 | BE7: 2.9997181 | BF7: 3.4891552 | BG7: 2.7599478 | BH7: 3.0327877 | BI7: 2.863641 | BJ7: 3.2258508 | BK7: 2.7071531 | BL7: 3.0423375 | BM7: 3.5179847 | BN7: 2.4774147 | BO7: 3.1253162 | BP7: 3.117667 | BQ7: 3.0411153 | BR7: 2.5623865 | BS7: 2.8595666 | BT7: 2.9360709 | BU7: 2.7258093 | BV7: 2.8108732 | BW7: 2.7836062 | BX7: 2.749518 | BY7: 2.6821195 | BZ7: 2.5556863 | CA7: 2.8182786 | CB7: 2.9069439 | CC7: 2.669503 | CD7: 2.4460423 | CE7: 2.7480015 | CF7: 2.6357652 | CG7: 2.7578042 | CH7: 2.5493608 | CI7: 2.8003003 | CJ7: 2.7017758 | CK7: 2.2470706 | CL7: 2.2470706 | CM7: 2.2470706 | CN7: 2.2470706 | CO7: 2.2470706 | CP7: 2.2470706 | CQ7: 2.2470706 | CR7: 2.2470706 | CS7: 2.2470706 | CT7: 2.2470706 | CU7: 2.2470706 | CV7: 2.2470706 | CW7: 2.2470706 | CX7: 2.2470706 | CY7: 2.2470706 | CZ7: 2.2470706
A8: Colombia | B8: 2014 | C8: YL | D8: 0 | E8: 0 | F8: 0 | G8: 0 | H8: 0 | I8: 0 | J8: 0 | K8: 0 | L8: 0 | M8: 0 | N8: 0 | O8: 0 | P8: 0 | Q8: 0 | R8: 0 | S8: 0.13657268 | T8: 0.29568575 | U8: 0.49971997 | V8: 0.74999864 | W8: 1.0452553 | X8: 1.3811759 | Y8: 1.7502899 | Z8: 2.1423406 | AA8: 2.5450986 | AB8: 2.9454331 | AC8: 3.3304261 | AD8: 3.6883898 | AE8: 4.0097253 | AF8: 4.287595 | AG8: 4.5183342 | AH8: 4.7015025 | AI8: 4.8395262 | AJ8: 4.9370217 | AK8: 5.000012 | AL8: 5.0352496 | AM8: 5.049723 | AN8: 5.0502986 | AO8: 5.0433663 | AP8: 5.0344166 | AQ8: 5.0275832 | AR8: 5.0252966 | AS8: 5.0281785 | AT8: 5.0352277 | AU8: 5.0442004 | AV8: 5.0520501 | AW8: 5.0553198 | AX8: 5.0504431 | AY8: 5.0339675 | AZ8: 5.0027149 | BA8: 4.9539017 | BB8: 4.8852263 | BC8: 4.7949285 | BD8: 4.6818223 | BE8: 4.5453027 | BF8: 4.38533 | BG8: 4.2024087 | BH8: 3.9975837 | BI8: 3.7724816 | BJ8: 3.5294065 | BK8: 3.2714653 | BL8: 3.0026532 | BM8: 2.7277959 | BN8: 2.4522834 | BO8: 2.1816153 | BP8: 1.920881 | BQ8: 1.6743294 | BR8: 1.4451176 | BS8: 1.2352442 | BT8: 1.0456381 | BU8: 0.87638194 | BV8: 0.72704826 | BW8: 0.5970501 | BX8: 0.50676675 | BY8: 0.42848453 | BZ8: 0.35983176 | CA8: 0.30201653 | CB8: 0.25518011 | CC8: 0.2185067 | CD8: 0.19049208 | CE8: 0.16923096 | CF8: 0.15269151 | CG8: 0.138998 | CH8: 0.12670369 | CI8: 0.11497502 | CJ8: 0.10361224 | CK8: 0.09538097 | CL8: 0.08938087 | CM8: 0.083218149 | CN8: 0.076917104 | CO8: 0.070840934 | CP8: 0.068916866 | CQ8: 0.068916866 | CR8: 0.068916866 | CS8: 0.068916866 | CT8: 0.068916866 | CU8: 0.068916866 | CV8: 0.068916866 | CW8: 0.068916866 | CX8: 0.068916866 | CY8: 0.068916866 | CZ8: 0.068916866
A9: Colombia | B9: 2014 | C9: C | D9: 1.7492252 | E9: 1.7783367 | F9: 1.8473142 | G9: 1.9041872 | H9: 2.0331782 | I9: 2.2331888 | J9: 2.9133453 | K9: 3.3134014 | L9: 3.3375557 | M9: 3.4613967 | N9: 3.5105961 | O9: 3.5994081 | P9: 3.6273564 | Q9: 3.6869468 | R9: 3.7244785 | S9: 3.8046884 | T9: 3.8693325 | U9: 3.7879977 | V9: 3.7737089 | W9: 3.8159183 | X9: 3.7969854 | Y9: 3.9071979 | Z9: 3.8881666 | AA9: 3.9825514 | AB9: 3.9764531 | AC9: 4.00807 | AD9: 4.0703365 | AE9: 4.1051554 | AF9: 4.1270238 | AG9: 4.1677456 | AH9: 4.1582584 | AI9: 4.2134727 | AJ9: 4.1831355 | AK9: 4.1795565 | AL9: 4.1703615 | AM9: 4.1744865 | AN9: 4.2073369 | AO9: 4.1672126 | AP9: 4.1600571 | AQ9: 4.1401361 | AR9: 4.107205 | AS9: 4.0938421 | AT9: 4.0834443 | AU9: 4.086829 | AV9: 4.1042357 | AW9: 4.1106279 | AX9: 4.1615988 | AY9: 4.1866722 | AZ9: 4.2113399 | BA9: 4.2552686 | BB9: 4.2888091 | BC9: 4.3151428 | BD9: 4.3351628 | BE9: 4.3589235 | BF9: 4.395852 | BG9: 4.4211568 | BH9: 4.4541467 | BI9: 4.4892925 | BJ9: 4.5066867 | BK9: 4.5041819 | BL9: 4.4955852 | BM9: 4.4804608 | BN9: 4.4401633 | BO9: 4.3985875 | BP9: 4.3477517 | BQ9: 4.2962131 | BR9: 4.252134 | BS9: 4.1837868 | BT9: 4.1142154 | BU9: 4.0380505 | BV9: 3.9524858 | BW9: 3.8599654 | BX9: 3.765812 | BY9: 3.6768885 | BZ9: 3.5994874 | CA9: 3.5377801 | CB9: 3.4934217 | CC9: 3.4658595 | CD9: 3.4526917 | CE9: 3.4499422 | CF9: 3.4525861 | CG9: 3.4555369 | CH9: 3.4548028 | CI9: 3.4482786 | CJ9: 3.4359606 | CK9: 3.4300065 | CL9: 3.4037324 | CM9: 3.3935545 | CN9: 3.397534 | CO9: 3.4267241 | CP9: 3.4953307 | CQ9: 3.4953307 | CR9: 3.4953307 | CS9: 3.4953307 | CT9: 3.4953307 | CU9: 3.4953307 | CV9: 3.4953307 | CW9: 3.4953307 | CX9: 3.4953307 | CY9: 3.4953307 | CZ9: 3.4953307
A10: Nigeria | B10: 2016 | C10: YL | D10: 0 | E10: 0 | F10: 0 | G10: 0 | H10: 0.0083248141 | I10: 0.017492308 | J10: 0.026796633 | K10: 0.03613394 | L10: 0.044688021 | M10: 0.052861368 | N10: 0.062474997 | O10: 0.071637789 | P10: 0.089010393 | Q10: 0.11280816 | R10: 0.1515689 | S10: 0.20187224 | T10: 0.28468967 | U10: 0.38572541 | V10: 0.51886525 | W10: 0.66844308 | X10: 0.84436101 | Y10: 1.0201471 | Z10: 1.213679 | AA10: 1.4288879 | AB10: 1.6756913 | AC10: 1.9628022 | AD10: 2.2594418 | AE10: 2.5767986 | AF10: 2.8987825 | AG10: 3.1957671 | AH10: 3.4615492 | AI10: 3.7377208 | AJ10: 3.9901413 | AK10: 4.2305639 | AL10: 4.4519343 | AM10: 4.6590463 | AN10: 4.8233273 | AO10: 4.957852 | AP10: 5.0681227 | AQ10: 5.168765 | AR10: 5.2440346 | AS10: 5.3400152 | AT10: 5.4110901 | AU10: 5.444464 | AV10: 5.4782595 | AW10: 5.5222362 | AX10: 5.5762284 | AY10: 5.689629 | AZ10: 5.8203725 | BA10: 5.9246476 | BB10: 5.9522077 | BC10: 5.9456363 | BD10: 5.8551183 | BE10: 5.8113541 | BF10: 5.8367806 | BG10: 5.9510179 | BH10: 5.9942102 | BI10: 6.0188586 | BJ10: 5.8133181 | BK10: 5.3976292 | BL10: 4.8216355 | BM10: 4.2686801 | BN10: 3.7418297 | BO10: 3.2932681 | BP10: 3.025548 | BQ10: 2.7218791 | BR10: 2.4909276 | BS10: 2.2253889 | BT10: 2.0261898 | BU10: 1.8716213 | BV10: 1.7958495 | BW10: 1.7042186 | BX10: 1.6462549 | BY10: 1.580441 | BZ10: 1.4880771 | CA10: 1.3939745 | CB10: 1.3043035 | CC10: 1.2250811 | CD10: 1.1395859 | CE10: 1.078122 | CF10: 1.0120429 | CG10: 0.9458717 | CH10: 0.87622145 | CI10: 0.80259731 | CJ10: 0.72152963 | CK10: 0.63341498 | CL10: 0.54357197 | CM10: 0.48287162 | CN10: 0.42766117 | CO10: 0.37245071 | CP10: 0.31724025 | CQ10: 0.31724025 | CR10: 0.31724025 | CS10: 0.31724025 | CT10: 0.31724025 | CU10: 0.31724025 | CV10: 0.31724025 | CW10: 0.31724025 | CX10: 0.31724025 | CY10: 0.31724025 | CZ10: 0.31724025
A11: Nigeria | B11: 2016 | C11: C | D11: 1.2016195 | E11: 1.2139498 | F11: 1.2270876 | G11: 1.2456338 | H11: 1.9988335 | I11: 1.8150247 | J11: 1.8618113 | K11: 1.9824088 | L11: 2.044617 | M11: 2.0856338 | N11: 2.4619545 | O11: 2.4250421 | P11: 2.732474 | Q11: 2.8250374 | R11: 2.8758178 | S11: 3.307112 | T11: 3.1541219 | U11: 3.4896949 | V11: 3.3971041 | W11: 3.2150565 | X11: 3.1499147 | Y11: 3.6468118 | Z11: 2.9453421 | AA11: 3.2543237 | AB11: 3.4650946 | AC11: 3.2945094 | AD11: 2.9756364 | AE11: 3.2218566 | AF11: 3.1914244 | AG11: 3.1559533 | AH11: 3.2229912 | AI11: 3.1940828 | AJ11: 3.2132946 | AK11: 3.1550108 | AL11: 3.1830842 | AM11: 3.2434623 | AN11: 3.3772481 | AO11: 3.4530485 | AP11: 3.2996362 | AQ11: 3.3093864 | AR11: 3.4566049 | AS11: 3.3463615 | AT11: 3.3658439 | AU11: 3.4070695 | AV11: 3.560441 | AW11: 3.7915302 | AX11: 3.4277272 | AY11: 3.437172 | AZ11: 3.4468414 | BA11: 3.4552233 | BB11: 3.464694 | BC11: 3.4726226 | BD11: 3.4812576 | BE11: 3.4898442 | BF11: 3.4960723 | BG11: 3.5042794 | BH11: 3.5096158 | BI11: 3.5157118 | BJ11: 3.5261785 | BK11: 3.5379797 | BL11: 3.5465614 | BM11: 3.5536854 | BN11: 3.5562289 | BO11: 3.5528794 | BP11: 3.5436262 | BQ11: 3.5252653 | BR11: 3.5086946 | BS11: 3.49202 | BT11: 3.478361 | BU11: 3.4590168 | BV11: 3.4332193 | BW11: 3.3895916 | BX11: 3.3376615 | BY11: 3.2886897 | BZ11: 3.245752 | CA11: 3.1993136 | CB11: 3.1589329 | CC11: 3.1161242 | CD11: 3.0855192 | CE11: 3.045439 | CF11: 3.0230019 | CG11: 3.0001135 | CH11: 2.9654329 | CI11: 2.920576 | CJ11: 2.8645122 | CK11: 2.8174115 | CL11: 2.7680964 | CM11: 2.7218231 | CN11: 2.6721798 | CO11: 2.6125032 | CP11: 2.5528266 | CQ11: 2.5528266 | CR11: 2.5528266 | CS11: 2.5528266 | CT11: 2.5528266 | CU11: 2.5528266 | CV11: 2.5528266 | CW11: 2.5528266 | CX11: 2.5528266 | CY11: 2.5528266 | CZ11: 2.5528266
A12: US | B12: 2011 | C12: YL | D12: 0 | E12: 0 | F12: 0 | G12: 0 | H12: 0 | I12: 0 | J12: 0 | K12: 0 | L12: 0 | M12: 0 | N12: 0 | O12: 0 | P12: 0 | Q12: 0 | R12: 0 | S12: 0.010054704 | T12: 0.080690282 | U12: 0.21003843 | V12: 0.36495966 | W12: 0.5594801 | X12: 0.80384367 | Y12: 1.0957977 | Z12: 1.4348275 | AA12: 1.8055042 | AB12: 2.1840993 | AC12: 2.5476072 | AD12: 2.8728894 | AE12: 3.1571061 | AF12: 3.4064529 | AG12: 3.6321738 | AH12: 3.836774 | AI12: 4.0252316 | AJ12: 4.2070601 | AK12: 4.3753629 | AL12: 4.5420229 | AM12: 4.7119854 | AN12: 4.8856828 | AO12: 5.0442407 | AP12: 5.1837413 | AQ12: 5.2803144 | AR12: 5.330779 | AS12: 5.35782 | AT12: 5.3573184 | AU12: 5.3472732 | AV12: 5.3538771 | AW12: 5.3770107 | AX12: 5.4007586 | AY12: 5.435775 | AZ12: 5.4686573 | BA12: 5.4783146 | BB12: 5.4776414 | BC12: 5.4602139 | BD12: 5.4476224 | BE12: 5.4334041 | BF12: 5.431764 | BG12: 5.3989816 | BH12: 5.3324106 | BI12: 5.1982804 | BJ12: 5.0132465 | BK12: 4.7638401 | BL12: 4.493424 | BM12: 4.194008 | BN12: 3.8836612 | BO12: 3.5534794 | BP12: 3.218358 | BQ12: 2.8674752 | BR12: 2.5286785 | BS12: 2.2044228 | BT12: 1.9133635 | BU12: 1.6466219 | BV12: 1.4231834 | BW12: 1.2285621 | BX12: 1.0601296 | BY12: 0.91641649 | BZ12: 0.79486819 | CA12: 0.68715517 | CB12: 0.59598565 | CC12: 0.51728999 | CD12: 0.44075925 | CE12: 0.3817203 | CF12: 0.33959247 | CG12: 0.30633207 | CH12: 0.28240667 | CI12: 0.26867124 | CJ12: 0.25254143 | CK12: 0.22980134 | CL12: 0.21059215 | CM12: 0.1960011 | CN12: 0.18798025 | CO12: 0.18377441 | CP12: 0.17956865 | CQ12: 0.17956865 | CR12: 0.17956865 | CS12: 0.17956865 | CT12: 0.17956865 | CU12: 0.17956865 | CV12: 0.17956865 | CW12: 0.17956865 | CX12: 0.17956865 | CY12: 0.17956865 | CZ12: 0.17956865
A13: US | B13: 2011 | C13: C | D13: 1.6004023 | E13: 1.6234986 | F13: 1.6721152 | G13: 1.7600688 | H13: 1.7674306 | I13: 2.7674207 | J13: 2.7848184 | K13: 2.8384044 | L13: 2.9239246 | M13: 2.9963004 | N13: 3.0475947 | O13: 3.1262107 | P13: 3.2214469 | Q13: 3.2907031 | R13: 3.5625904 | S13: 3.4249088 | T13: 3.6888543 | U13: 3.6622487 | V13: 4.0583497 | W13: 3.4793051 | X13: 3.6216736 | Y13: 3.6614907 | Z13: 3.6652984 | AA13: 3.6806664 | AB13: 3.70475 | AC13: 3.7434184 | AD13: 3.3902019 | AE13: 3.4293254 | AF13: 3.4509065 | AG13: 3.4465842 | AH13: 3.4428547 | AI13: 3.4319043 | AJ13: 3.4542416 | AK13: 3.4267427 | AL13: 3.4334333 | AM13: 3.4284928 | AN13: 3.4259036 | AO13: 3.4255148 | AP13: 3.4459259 | AQ13: 3.475875 | AR13: 3.4967494 | AS13: 3.5384443 | AT13: 3.5703764 | AU13: 3.614088 | AV13: 3.6634001 | AW13: 3.6993946 | AX13: 3.7531653 | AY13: 3.8035757 | AZ13: 3.8555395 | BA13: 3.9189107 | BB13: 3.9835386 | BC13: 4.0484751 | BD13: 4.1059892 | BE13: 4.1702386 | BF13: 4.2303493 | BG13: 4.2899752 | BH13: 4.3389787 | BI13: 4.395981 | BJ13: 4.454116 | BK13: 4.5053013 | BL13: 4.5614439 | BM13: 4.6186232 | BN13: 4.676376 | BO13: 4.8001711 | BP13: 4.9227914 | BQ13: 5.0398232 | BR13: 5.192758 | BS13: 5.2508726 | BT13: 5.2683775 | BU13: 5.2801643 | BV13: 5.2863514 | BW13: 5.2818202 | BX13: 5.2761505 | BY13: 5.2669314 | BZ13: 5.2463078 | CA13: 5.2320838 | CB13: 5.2112242 | CC13: 5.1964194 | CD13: 5.196136 | CE13: 5.2268887 | CF13: 5.2812375 | CG13: 5.3938359 | CH13: 5.5588 | CI13: 5.7631886 | CJ13: 5.9951992 | CK13: 6.247701 | CL13: 6.4579476 | CM13: 6.6249051 | CN13: 6.7373581 | CO13: 6.8207589 | CP13: 6.9041617 | CQ13: 6.9041617 | CR13: 6.9041617 | CS13: 6.9041617 | CT13: 6.9041617 | CU13: 6.9041617 | CV13: 6.9041617 | CW13: 6.9041617 | CX13: 6.9041617 | CY13: 6.9041617 | CZ13: 6.9041617
... A15: Spain | B15: 2010 | C15: C | D15: 1.7348753 | E15: 1.9515209 | F15: 1.9701085 | G15: 2.4032257 | H15: 2.4503877 | I15: 2.5043328 | J15: 2.6740958 | K15: 2.7174701 | L15: 2.7693667 | M15: 2.8298019 | N15: 2.8791185 | O15: 2.9324682 | P15: 3.162909 | Q15: 3.2466795 | R15: 3.3585482 | S15: 3.3923794 | T15: 3.4919602 | U15: 3.4764252 | V15: 3.42045 | W15: 3.3584952 | X15: 3.327088 | Y15: 3.2887593 | Z15: 3.2703854 | AA15: 3.2595508 | AB15: 3.241815 | AC15: 3.248892 | AD15: 3.26411 | AE15: 3.2850836 | AF15: 3.3090803 | AG15: 3.3349892 | AH15: 3.3499316 | AI15: 3.3758408 | AJ15: 3.3941128 | AK15: 3.396029 | AL15: 3.3883507 | AM15: 3.3421636 | AN15: 3.3265011 | AO15: 3.3071644 | AP15: 3.2905606 | AQ15: 3.2742384 | AR15: 3.2449499 | AS15: 3.2335764 | AT15: 3.2300073 | AU15: 3.2307742 | AV15: 3.233524 | AW15: 3.2327787 | AX15: 3.2397886 | AY15: 3.2525104 | AZ15: 3.2664195 | BA15: 3.2793247 | BB15: 3.2986837 | BC15: 3.3206428 | BD15: 3.347683 | BE15: 3.3781259 | BF15: 3.4160768 | BG15: 3.4576835 | BH15: 3.4900707 | BI15: 3.5213807 | BJ15: 3.5497746 | BK15: 3.57148 | BL15: 3.584051 | BM15: 3.5951424 | BN15: 3.6073228 | BO15: 3.6223535 | BP15: 3.6148447 | BQ15: 3.6098315 | BR15: 3.6006412 | BS15: 3.5838587 | BT15: 3.5483875 | BU15: 3.5395784 | BV15: 3.5083829 | BW15: 3.4795835 | BX15: 3.4704793 | BY15: 3.475213 | BZ15: 3.4750558 | CA15: 3.484303 | CB15: 3.4991625 | CC15: 3.5124834 | CD15: 3.5340817 | CE15: 3.5625622 | CF15: 3.6578392 | CG15: 3.6578392 | CH15: 3.6578392 | CI15: 3.6578392 | CJ15: 3.6578392 | CK15: 3.6578392 | CL15: 3.6578392 | CM15: 3.6578392 | CN15: 3.6578392 | CO15: 3.6578392 | CP15: 3.6578392 | CQ15: 3.6578392 | CR15: 3.6578392 | CS15: 3.6578392 | CT15: 3.6578392 | CU15: 3.6578392 | CV15: 3.6578392 | CW15: 3.6578392 | CX15: 3.6578392 | CY15: 3.6578392 | CZ15: 3.6578392

Sheet Population
A1: Variant | B1: Region, subregion, country or area * | C1: Year | D1: 0 | E1: 1 | F1: 2 | G1: 3 | H1: 4 | I1: 5 | J1: 6 | K1: 7 | L1: 8 | M1: 9 | N1: 10 | O1: 11 | P1: 12 | Q1: 13 | R1: 14 | S1: 15 | T1: 16 | U1: 17 | V1: 18 | W1: 19 | X1: 20 | Y1: 21 | Z1: 22 | AA1: 23 | AB1: 24 | AC1: 25 | AD1: 26 | AE1: 27 | AF1: 28 | AG1: 29 | AH1: 30 | AI1: 31 | AJ1: 32 | AK1: 33 | AL1: 34 | AM1: 35 | AN1: 36 | AO1: 37 | AP1: 38 | AQ1: 39 | AR1: 40 | AS1: 41 | AT1: 42 | AU1: 43 | AV1: 44 | AW1: 45 | AX1: 46 | AY1: 47 | AZ1: 48 | BA1: 49 | BB1: 50 | BC1: 51 | BD1: 52 | BE1: 53 | BF1: 54 | BG1: 55 | BH1: 56 | BI1: 57 | BJ1: 58 | BK1: 59 | BL1: 60 | BM1: 61 | BN1: 62 | BO1: 63 | BP1: 64 | BQ1: 65 | BR1: 66 | BS1: 67 | BT1: 68 | BU1: 69 | BV1: 70 | BW1: 71 | BX1: 72 | BY1: 73 | BZ1: 74 | CA1: 75 | CB1: 76 | CC1: 77 | CD1: 78 | CE1: 79 | CF1: 80 | CG1: 81 | CH1: 82 | CI1: 83 | CJ1: 84 | CK1: 85 | CL1: 86 | CM1: 87 | CN1: 88 | CO1: 89 | CP1: 90 | CQ1: 91 | CR1: 92 | CS1: 93 | CT1: 94 | CU1: 95 | CV1: 96 | CW1: 97 | CX1: 98 | CY1: 99 | CZ1: 100+
A2: Estimates | B2: Ethiopia | C2: 1950 | D2: 721.8895 | E2: 664.84 | F2: 627.581 | G2: 599.802 | H2: 567.731 | I2: 538.9275 | J2: 513.4345 | K2: 491.0955 | L2: 471.777 | M2: 455.2545 | N2: 441.353 | O2: 429.939 | P2: 418.798 | Q2: 406.039 | R2: 392.6985 | S2: 380.904 | T2: 370.6605 | U2: 360.2375 | V2: 349.336 | W2: 338.39 | X2: 327.945 | Y2: 317.977 | Z2: 308.196 | AA2: 298.679 | AB2: 289.419 | AC2: 280.3925 | AD2: 271.6355 | AE2: 263.0575 | AF2: 254.578 | AG2: 246.2745 | AH2: 238.2225 | AI2: 230.3645 | AJ2: 222.803 | AK2: 215.6845 | AL2: 208.8855 | AM2: 202.2315 | AN2: 195.7545 | AO2: 189.444 | AP2: 183.186 | AQ2: 177.0245 | AR2: 170.9535 | AS2: 164.8265 | AT2: 159.1185 | AU2: 154.2335 | AV2: 149.663 | AW2: 145.04 | AX2: 140.8175 | AY2: 135.486 | AZ2: 127.521 | BA2: 118.3345 | BB2: 109.7765 | BC2: 101.3865 | BD2: 94.276 | BE2: 90.5015 | BF2: 88.4235 | BG2: 85.9375 | BH2: 83.4495 | BI2: 81.105 | BJ2: 77.8575 | BK2: 74.14 | BL2: 70.824 | BM2: 67.717 | BN2: 64.5865 | BO2: 61.58 | BP2: 58.573 | BQ2: 55.5915 | BR2: 52.648 | BS2: 49.546 | BT2: 46.1505 | BU2: 42.5755 | BV2: 39.0615 | BW2: 35.6475 | BX2: 32.261 | BY2: 28.972 | BZ2: 25.778 | CA2: 22.6665 | CB2: 19.6835 | CC2: 16.873 | CD2: 14.228 | CE2: 11.75 | CF2: 9.4325 | CG2: 7.261 | CH2: 5.4595 | CI2: 4.2045 | CJ2: 3.33 | CK2: 2.5595 | CL2: 1.9095 | CM2: 1.4085 | CN2: 0.982 | CO2: 0.6365 | CP2: 0.389 | CQ2: 0.2825 | CR2: 0.226 | CS2: 0.15 | CT2: 0.07 | CU2: 0.0295 | CV2: 0.025 | CW2: 0.022 | CX2: 0.0155 | CY2: 0.0085 | CZ2: 0.0075
A3: Estimates | B3: Ethiopia | C3: 1951 | D3: 702.324 | E3: 642.977 | F3: 625.5055 | G3: 601.092 | H3: 581.5735 | I3: 555.091 | J3: 529.9105 | K3: 506.7655 | L3: 485.951 | M3: 467.6325 | N3: 451.764 | O3: 438.2915 | P3: 427.1515 | Q3: 416.186 | R3: 403.5475 | S3: 390.279 | T3: 378.506 | U3: 368.242 | V3: 357.773 | W3: 346.812 | X3: 335.7975 | Y3: 325.2895 | Z3: 315.275 | AA3: 305.4785 | AB3: 295.978 | AC3: 286.7595 | AD3: 277.7895 | AE3: 269.088 | AF3: 260.5585 | AG3: 252.1145 | AH3: 243.8355 | AI3: 235.8 | AJ3: 227.956 | AK3: 220.405 | AL3: 213.297 | AM3: 206.5055 | AN3: 199.859 | AO3: 193.387 | AP3: 187.0775 | AQ3: 180.817 | AR3: 174.6555 | AS3: 168.5855 | AT3: 162.4685 | AU3: 156.7725 | AV3: 151.894 | AW3: 147.329 | AX3: 142.713 | AY3: 138.491 | AZ3: 133.173 | BA3: 125.2705 | BB3: 116.169 | BC3: 107.6885 | BD3: 99.376 | BE3: 92.323 | BF3: 88.5265 | BG3: 86.382 | BH3: 83.8345 | BI3: 81.2795 | BJ3: 78.8555 | BK3: 75.5515 | BL3: 71.7905 | BM3: 68.416 | BN3: 65.2465 | BO3: 62.0575 | BP3: 58.9885 | BQ3: 55.923 | BR3: 52.8795 | BS3: 49.869 | BT3: 46.7045 | BU3: 43.2655 | BV3: 39.6665 | BW3: 36.144 | BX3: 32.741 | BY3: 29.401 | BZ3: 26.1915 | CA3: 23.109 | CB3: 20.139 | CC3: 17.3195 | CD3: 14.687 | CE3: 12.233 | CF3: 9.962 | CG3: 7.8765 | CH3: 5.963 | CI3: 4.404 | CJ3: 3.3305 | CK3: 2.5895 | CL3: 1.953 | CM3: 1.429 | CN3: 1.033 | CO3: 0.705 | CP3: 0.4465 | CQ3: 0.2675 | CR3: 0.189 | CS3: 0.147 | CT3: 0.0965 | CU3: 0.045 | CV3: 0.02 | CW3: 0.0165 | CX3: 0.014 | CY3: 0.01 | CZ3: 0.0105
A4: Estimates | B4: Ethiopia | C4: 1952 | D4: 721.097 | E4: 626.932 | F4: 605.646 | G4: 599.534 | H4: 583.0715 | I4: 568.768 | J4: 545.887 | K4: 523.078 | L4: 501.4915 | M4: 481.707 | N4: 464.068 | O4: 448.6475 | P4: 435.463 | Q4: 424.493 | R4: 413.6265 | S4: 401.0395 | T4: 387.7835 | U4: 375.9815 | V4: 365.649 | W4: 355.0985 | X4: 344.053 | Y4: 332.9675 | Z4: 322.4095 | AA4: 312.3765 | AB4: 302.5965 | AC4: 293.142 | AD4: 283.983 | AE4: 275.075 | AF4: 266.427 | AG4: 257.9395 | AH4: 249.527 | AI4: 241.2735 | AJ4: 233.2585 | AK4: 225.4335 | AL4: 217.904 | AM4: 210.812 | AN4: 204.034 | AO4: 197.3985 | AP4: 190.9325 | AQ4: 184.6245 | AR4: 178.368 | AS4: 172.2105 | AT4: 166.1515 | AU4: 160.054 | AV4: 154.379 | AW4: 149.5125 | AX4: 144.955 | AY4: 140.3485 | AZ4: 136.1195 | BA4: 130.8105 | BB4: 122.9645 | BC4: 113.946 | BD4: 105.5395 | BE4: 97.305 | BF4: 90.306 | BG4: 86.4885 | BH4: 84.274 | BI4: 81.661 | BJ4: 79.0355 | BK4: 76.528 | BL4: 73.165 | BM4: 69.36 | BN4: 65.932 | BO4: 62.7025 | BP4: 59.4565 | BQ4: 56.3315 | BR4: 53.2065 | BS4: 50.1005 | BT4: 47.0235 | BU4: 43.8025 | BV4: 40.33 | BW4: 36.725 | BX4: 33.22 | BY4: 29.86 | BZ4: 26.5955 | CA4: 23.494 | CB4: 20.5455 | CC4: 17.732 | CD4: 15.0865 | CE4: 12.6415 | CF4: 10.3875 | CG4: 8.333 | CH4: 6.4815 | CI4: 4.8215 | CJ4: 3.4955 | CK4: 2.5935 | CL4: 1.9795 | CM4: 1.4635 | CN4: 1.0485 | CO4: 0.7425 | CP4: 0.495 | CQ4: 0.3065 | CR4: 0.179 | CS4: 0.1235 | CT4: 0.094 | CU4: 0.0605 | CV4: 0.028 | CW4: 0.0125 | CX4: 0.0105 | CY4: 0.009 | CZ4: 0.0105
A5: Estimates | B5: Ethiopia | C5: 1953 | D5: 741.1865 | E5: 644.9905 | F5: 591.1555 | G5: 580.831 | H5: 581.7505 | I5: 570.3345 | J5: 559.389 | K5: 538.8725 | L5: 517.6465 | M5: 497.1185 | N5: 478.0395 | O5: 460.867 | P5: 445.744 | Q5: 432.731 | R5: 421.836 | S5: 410.977 | T5: 398.359 | U5: 385.0395 | V5: 373.1365 | W5: 362.6815 | X5: 352.0105 | Y5: 340.8685 | Z5: 329.721 | AA5: 319.1405 | AB5: 309.1245 | AC5: 299.397 | AD5: 290.011 | AE5: 280.9265 | AF5: 272.0875 | AG5: 263.4975 | AH5: 255.0565 | AI5: 246.6865 | AJ5: 238.4705 | AK5: 230.492 | AL5: 222.705 | AM5: 215.2095 | AN5: 208.1475 | AO5: 201.393 | AP5: 194.775 | AQ5: 188.3225 | AR5: 182.0275 | AS5: 175.784 | AT5: 169.646 | AU5: 163.612 | AV5: 157.546 | AW5: 151.9025 | AX5: 147.0545 | AY5: 142.5085 | AZ5: 137.906 | BA5: 133.668 | BB5: 128.3655 | BC5: 120.572 | BD5: 111.6365 | BE5: 103.3045 | BF5: 95.1505 | BG5: 88.208 | BH5: 84.3675 | BI5: 82.08 | BJ5: 79.3995 | BK5: 76.699 | BL5: 74.1065 | BM5: 70.684 | BN5: 66.84 | BO5: 63.3615 | BP5: 60.0765 | BQ5: 56.781 | BR5: 53.598 | BS5: 50.4145 | BT5: 47.2485 | BU5: 44.109 | BV5: 40.8415 | BW5: 37.353 | BX5: 33.77 | BY5: 30.3125 | BZ5: 27.027 | CA5: 23.8685 | CB5: 20.896 | CC5: 18.0975 | CD5: 15.4525 | CE5: 12.9925 | CF5: 10.744 | CG5: 8.699 | CH5: 6.866 | CI5: 5.2485 | CJ5: 3.834 | CK5: 2.7255 | CL5: 1.9825 | CM5: 1.4825 | CN5: 1.073 | CO5: 0.7515 | CP5: 0.519 | CQ5: 0.3375 | CR5: 0.2025 | CS5: 0.1145 | CT5: 0.076 | CU5: 0.056 | CV5: 0.0345 | CW5: 0.0145 | CX5: 0.006 | CY5: 0.0045 | CZ5: 0.008
A6: Estimates | B6: Ethiopia | C6: 1954 | D6: 761.692 | E6: 664.4115 | F6: 608.899 | G6: 567.3415 | H6: 563.8245 | I6: 569.177 | J6: 561.01 | K6: 552.2525 | L6: 533.312 | M6: 513.159 | N6: 493.356 | O6: 474.76 | P6: 457.8965 | Q6: 442.951 | R6: 430.013 | S6: 419.1095 | T6: 408.1865 | U6: 395.475 | V6: 382.0415 | W6: 370.0055 | X6: 359.411 | Y6: 348.6255 | Z6: 337.412 | AA6: 326.2415 | AB6: 315.682 | AC6: 305.721 | AD6: 296.068 | AE6: 286.7645 | AF6: 277.757 | AG6: 268.984 | AH6: 260.4495 | AI6: 252.0575 | AJ6: 243.7335 | AK6: 235.5635 | AL6: 227.6295 | AM6: 219.886 | AN6: 212.431 | AO6: 205.4015 | AP6: 198.671 | AQ6: 192.073 | AR6: 185.638 | AS6: 179.359 | AT6: 173.1395 | AU6: 167.0295 | AV6: 161.0285 | AW6: 155.0015 | AX6: 149.3925 | AY6: 144.5605 | AZ6: 140.0205 | BA6: 135.4165 | BB6: 131.1625 | BC6: 125.8585 | BD6: 118.117 | BE6: 109.2615 | BF6: 101.006 | BG6: 92.9315 | BH6: 86.045 | BI6: 82.1775 | BJ6: 79.8135 | BK6: 77.059 | BL6: 74.282 | BM6: 71.6025 | BN6: 68.1235 | BO6: 64.2435 | BP6: 60.72 | BQ6: 57.3835 | BR6: 54.036 | BS6: 50.7975 | BT6: 47.5565 | BU6: 44.3325 | BV6: 41.1415 | BW6: 37.8445 | BX6: 34.3675 | BY6: 30.8355 | BZ6: 27.458 | CA6: 24.2755 | CB6: 21.245 | CC6: 18.418 | CD6: 15.7825 | CE6: 13.317 | CF6: 11.051 | CG6: 9.008 | CH6: 7.1795 | CI6: 5.57 | CJ6: 4.182 | CK6: 2.997 | CL6: 2.0865 | CM6: 1.4855 | CN6: 1.0875 | CO6: 0.7685 | CP6: 0.5245 | CQ6: 0.353 | CR6: 0.223 | CS6: 0.1285 | CT6: 0.0695 | CU6: 0.044 | CV6: 0.031 | CW6: 0.017 | CX6: 0.0065 | CY6: 0.001 | CZ6: 0.005
A7: Estimates | B7: Ethiopia | C7: 1955 | D7: 781.804 | E7: 684.397 | F7: 628.026 | G7: 584.831 | H7: 551.0115 | I7: 551.8065 | J7: 559.9865 | K7: 553.935 | L7: 546.6155 | M7: 528.737 | N7: 509.3175 | O7: 490.0095 | P7: 471.737 | Q7: 455.063 | R7: 440.206 | S7: 427.273 | T7: 416.3075 | U7: 405.281 | V7: 392.4525 | W7: 378.8965 | X7: 366.7335 | Y7: 356.0225 | Z7: 345.161 | AA7: 333.9235 | AB7: 322.7785 | AC7: 312.277 | AD7: 302.3915 | AE7: 292.8215 | AF7: 283.594 | AG7: 274.65 | AH7: 265.932 | AI7: 257.4435 | AJ7: 249.095 | AK7: 240.815 | AL7: 232.6885 | AM7: 224.796 | AN7: 217.094 | AO7: 209.6735 | AP7: 202.669 | AQ7: 195.956 | AR7: 189.374 | AS7: 182.9535 | AT7: 176.6965 | AU7: 170.5025 | AV7: 164.425 | AW7: 158.459 | AX7: 152.4705 | AY7: 146.888 | AZ7: 142.065 | BA7: 137.5205 | BB7: 132.904 | BC7: 128.625 | BD7: 123.315 | BE7: 115.619 | BF7: 106.844 | BG7: 98.662 | BH7: 90.665 | BI7: 83.83 | BJ7: 79.9325 | BK7: 77.4835 | BL7: 74.652 | BM7: 71.7955 | BN7: 69.03 | BO7: 65.4975 | BP7: 61.5865 | BQ7: 58.019 | BR7: 54.63 | BS7: 51.2325 | BT7: 47.937 | BU7: 44.642 | BV7: 41.3705 | BW7: 38.1445 | BX7: 34.844 | BY7: 31.4075 | BZ7: 27.9575 | CA7: 24.688 | CB7: 21.631 | CC7: 18.7445 | CD7: 16.077 | CE7: 13.6145 | CF7: 11.3385 | CG7: 9.2775 | CH7: 7.4475 | CI7: 5.838 | CJ7: 4.4495 | CK7: 3.279 | CL7: 2.3035 | CM7: 1.5695 | CN7: 1.093 | CO7: 0.7815 | CP7: 0.5385 | CQ7: 0.3575 | CR7: 0.2345 | CS7: 0.143 | CT7: 0.0795 | CU7: 0.041 | CV7: 0.024 | CW7: 0.016 | CX7: 0.009 | CY7: 0.0025 | CZ7: 0.003
A8: Estimates | B8: Ethiopia | C8: 1956 | D8: 802.1985 | E8: 704.238 | F8: 647.8545 | G8: 603.728 | H8: 568.2945 | I8: 539.443 | J8: 543.0005 | K8: 552.9965 | L8: 548.3345 | M8: 541.9705 | N8: 524.818 | O8: 505.8975 | P8: 486.922 | Q8: 468.8485 | R8: 452.271 | S8: 437.4265 | T8: 424.4385 | U8: 413.3655 | V8: 402.205 | W8: 389.243 | X8: 375.567 | Y8: 363.2955 | Z8: 352.5045 | AA8: 341.6135 | AB8: 330.4 | AC8: 319.3175 | AD8: 308.8965 | AE8: 299.094 | AF8: 289.6025 | AG8: 280.4405 | AH8: 271.5525 | AI8: 262.8815 | AJ8: 254.4375 | AK8: 246.132 | AL8: 237.8975 | AM8: 229.814 | AN8: 221.964 | AO8: 214.2975 | AP8: 206.906 | AQ8: 199.9205 | AR8: 193.2245 | AS8: 186.6575 | AT8: 180.2585 | AU8: 174.0265 | AV8: 167.865 | AW8: 161.8225 | AX8: 155.8915 | AY8: 149.9355 | AZ8: 144.3725 | BA8: 139.5485 | BB8: 134.9895 | BC8: 130.353 | BD8: 126.044 | BE8: 120.721 | BF8: 113.072 | BG8: 104.3735 | BH8: 96.264 | BI8: 88.341 | BJ8: 81.5565 | BK8: 77.621 | BL8: 75.084 | BM8: 72.173 | BN8: 69.238 | BO8: 66.39 | BP8: 62.807 | BQ8: 58.868 | BR8: 55.258 | BS8: 51.816 | BT8: 48.369 | BU8: 45.0195 | BV8: 41.6805 | BW8: 38.378 | BX8: 35.1425 | BY8: 31.8675 | BZ8: 28.503 | CA8: 25.163 | CB8: 22.0235 | CC8: 19.1085 | CD8: 16.3805 | CE8: 13.8835 | CF8: 11.605 | CG8: 9.53 | CH8: 7.681 | CI8: 6.068 | CJ8: 4.676 | CK8: 3.499 | CL8: 2.529 | CM8: 1.739 | CN8: 1.159 | CO8: 0.7875 | CP8: 0.5495 | CQ8: 0.368 | CR8: 0.2375 | CS8: 0.1505 | CT8: 0.089 | CU8: 0.0475 | CV8: 0.023 | CW8: 0.013 | CX8: 0.008 | CY8: 0.004 | CZ8: 0.002
A9: Estimates | B9: Ethiopia | C9: 1957 | D9: 812.0005 | E9: 713.1185 | F9: 660.7175 | G9: 620.05 | H9: 584.7815 | I9: 554.8885 | J9: 529.6425 | K9: 535.2185 | L9: 546.4455 | M9: 542.8245 | N9: 537.1675 | O9: 520.5905 | P9: 502.0875 | Q9: 483.4045 | R9: 465.5235 | S9: 449.0475 | T9: 434.218 | U9: 421.168 | V9: 409.968 | W9: 398.6585 | X9: 385.5665 | Y9: 371.7915 | Z9: 359.4535 | AA9: 348.633 | AB9: 337.764 | AC9: 326.6175 | AD9: 315.626 | AE9: 305.2975 | AF9: 295.578 | AG9: 286.1575 | AH9: 277.054 | AI9: 268.215 | AJ9: 259.59 | AK9: 251.1895 | AL9: 242.93 | AM9: 234.7385 | AN9: 226.6965 | AO9: 218.8815 | AP9: 211.245 | AQ9: 203.876 | AR9: 196.9075 | AS9: 190.2255 | AT9: 183.677 | AU9: 177.302 | AV9: 171.0985 | AW9: 164.9695 | AX9: 158.9585 | AY9: 153.0545 | AZ9: 147.1185 | BA9: 141.5625 | BB9: 136.723 | BC9: 132.135 | BD9: 127.4685 | BE9: 123.118 | BF9: 117.7755 | BG9: 110.17 | BH9: 101.556 | BI9: 93.5235 | BJ9: 85.6785 | BK9: 78.9495 | BL9: 74.9755 | BM9: 72.3395 | BN9: 69.341 | BO9: 66.327 | BP9: 63.3905 | BQ9: 59.758 | BR9: 55.793 | BS9: 52.1425 | BT9: 48.65 | BU9: 45.1535 | BV9: 41.7615 | BW9: 38.399 | BX9: 35.1055 | BY9: 31.911 | BZ9: 28.718 | CA9: 25.4795 | CB9: 22.2985 | CC9: 19.3285 | CD9: 16.588 | CE9: 14.0425 | CF9: 11.7355 | CG9: 9.659 | CH9: 7.802 | CI9: 6.18 | CJ9: 4.7945 | CK9: 3.6235 | CL9: 2.6535 | CM9: 1.873 | CN9: 1.2555 | CO9: 0.812 | CP9: 0.535 | CQ9: 0.361 | CR9: 0.233 | CS9: 0.1445 | CT9: 0.0875 | CU9: 0.049 | CV9: 0.0245 | CW9: 0.011 | CX9: 0.0055 | CY9: 0.0025 | CZ9: 0.001
A10: Estimates | B10: Ethiopia | C10: 1958 | D10: 822.138 | E10: 712.4685 | F10: 663.1695 | G10: 629.618 | H10: 598.705 | I10: 569.5 | J10: 543.5965 | K10: 520.9795 | L10: 527.9435 | M10: 540.0795 | N10: 537.2305 | O10: 532.128 | P10: 516.0305 | Q10: 497.893 | R10: 479.4755 | S10: 461.756 | T10: 445.3335 | U10: 430.4505 | V10: 417.259 | W10: 405.876 | X10: 394.392 | Y10: 381.174 | Z10: 367.331 | AA10: 354.973 | AB10: 344.1755 | AC10: 333.377 | AD10: 322.3345 | AE10: 311.4575 | AF10: 301.2315 | AG10: 291.602 | AH10: 282.257 | AI10: 273.22 | AJ10: 264.443 | AK10: 255.879 | AL10: 247.5375 | AM10: 239.333 | AN10: 231.195 | AO10: 223.2 | AP10: 215.4245 | AQ10: 207.821 | AR10: 200.48 | AS10: 193.5355 | AT10: 186.877 | AU10: 180.3585 | AV10: 174.0165 | AW10: 167.848 | AX10: 161.752 | AY10: 155.7695 | AZ10: 149.8835 | BA10: 143.96 | BB10: 138.3995 | BC10: 133.5345 | BD10: 128.9105 | BE10: 124.208 | BF10: 119.8115 | BG10: 114.45 | BH10: 106.8975 | BI10: 98.3745 | BJ10: 90.4235 | BK10: 82.6655 | BL10: 75.9935 | BM10: 71.9735 | BN10: 69.2335 | BO10: 66.1505 | BP10: 63.055 | BQ10: 60.033 | BR10: 56.356 | BS10: 52.3715 | BT10: 48.6825 | BU10: 45.1415 | BV10: 41.6115 | BW10: 38.206 | BX10: 34.8715 | BY10: 31.645 | BZ10: 28.5515 | CA10: 25.4945 | CB10: 22.4285 | CC10: 19.441 | CD10: 16.668 | CE10: 14.1185 | CF10: 11.7705 | CG10: 9.6725 | CH10: 7.819 | CI10: 6.1985 | CJ10: 4.814 | CK10: 3.659 | CL10: 2.702 | CM10: 1.9285 | CN10: 1.3225 | CO10: 0.8565 | CP10: 0.532 | CQ10: 0.3355 | CR10: 0.2165 | CS10: 0.132 | CT10: 0.076 | CU10: 0.043 | CV10: 0.022 | CW10: 0.01 | CX10: 0.003 | CY10: 0.0005 | CZ10: 0.001
A11: Estimates | B11: Ethiopia | C11: 1959 | D11: 857.53 | E11: 735.0115 | F11: 670.506 | G11: 635.9095 | H11: 610.5955 | I11: 585.044 | J11: 559.449 | K11: 535.9515 | L11: 514.949 | M11: 522.6975 | N11: 535.3955 | O11: 532.9925 | P11: 528.2145 | Q11: 512.3845 | R11: 494.4255 | S11: 476.0965 | T11: 458.3825 | U11: 441.886 | V11: 426.8705 | W11: 413.5175 | X11: 401.968 | Y11: 390.349 | Z11: 377.0575 | AA11: 363.205 | AB11: 350.8785 | AC11: 340.1425 | AD11: 329.4325 | AE11: 318.494 | AF11: 307.7155 | AG11: 297.5755 | AH11: 288.015 | AI11: 278.731 | AJ11: 269.7515 | AK11: 261.03 | AL11: 252.5195 | AM11: 244.2285 | AN11: 236.0735 | AO11: 227.9775 | AP11: 220.0195 | AQ11: 212.274 | AR11: 204.6975 | AS11: 197.3825 | AT11: 190.463 | AU11: 183.8335 | AV11: 177.349 | AW11: 171.0425 | AX11: 164.9075 | AY11: 158.8405 | AZ11: 152.8765 | BA11: 147 | BB11: 141.0785 | BC11: 135.5085 | BD11: 130.615 | BE11: 125.9565 | BF11: 121.2195 | BG11: 116.778 | BH11: 111.401 | BI11: 103.8935 | BJ11: 95.4495 | BK11: 87.5675 | BL11: 79.888 | BM11: 73.2635 | BN11: 69.199 | BO11: 66.3675 | BP11: 63.212 | BQ11: 60.0435 | BR11: 56.946 | BS11: 53.2295 | BT11: 49.224 | BU11: 45.4995 | BV11: 41.9265 | BW11: 38.3875 | BX11: 34.9985 | BY11: 31.7135 | BZ11: 28.5665 | CA11: 25.574 | CB11: 22.6465 | CC11: 19.7375 | CD11: 16.928 | CE11: 14.335 | CF11: 11.973 | CG11: 9.8285 | CH11: 7.944 | CI11: 6.3135 | CJ11: 4.9155 | CK11: 3.7485 | CL11: 2.7925 | CM11: 2.018 | CN11: 1.405 | CO11: 0.937 | CP11: 0.5875 | CQ11: 0.352 | CR11: 0.213 | CS11: 0.1305 | CT11: 0.0755 | CU11: 0.041 | CV11: 0.022 | CW11: 0.0105 | CX11: 0.003 | CY11: 0.0005 | CZ11: 0.0005
A12: Estimates | B12: Ethiopia | C12: 1960 | D12: 896.536 | E12: 780.651 | F12: 699.98 | G12: 647.014 | H12: 619.407 | I12: 598.6945 | J12: 576.303 | K12: 552.868 | L12: 530.831 | M12: 510.812 | N12: 519.0355 | O12: 532.0095 | P12: 529.8425 | Q12: 525.2005 | R12: 509.4805 | S12: 491.57 | T12: 473.241 | U12: 455.4835 | V12: 438.9125 | W12: 423.8005 | X12: 410.342 | Y12: 398.6915 | Z12: 387.005 | AA12: 373.7045 | AB12: 359.8915 | AC12: 347.627 | AD12: 336.9555 | AE12: 326.3195 | AF12: 315.451 | AG12: 304.7325 | AH12: 294.637 | AI12: 285.1095 | AJ12: 275.856 | AK12: 266.9045 | AL12: 258.212 | AM12: 249.7285 | AN12: 241.4645 | AO12: 233.329 | AP12: 225.2515 | AQ12: 217.3055 | AR12: 209.57 | AS12: 202.0065 | AT12: 194.707 | AU12: 187.807 | AV12: 181.2015 | AW12: 174.7445 | AX12: 168.466 | AY12: 162.351 | AZ12: 156.296 | BA12: 150.335 | BB12: 144.453 | BC12: 138.5225 | BD12: 132.9355 | BE12: 128.0095 | BF12: 123.313 | BG12: 118.54 | BH12: 114.0505 | BI12: 108.645 | BJ12: 101.167 | BK12: 92.787 | BL12: 84.9625 | BM12: 77.35 | BN12: 70.7735 | BO12: 66.673 | BP12: 63.7585 | BQ12: 60.5345 | BR12: 57.2995 | BS12: 54.127 | BT12: 50.368 | BU12: 46.3435 | BV12: 42.5945 | BW12: 39.0055 | BX12: 35.475 | BY12: 32.116 | BZ12: 28.888 | CA12: 25.8195 | CB12: 22.9235 | CC12: 20.1145 | CD12: 17.352 | CE12: 14.711 | CF12: 12.3005 | CG12: 10.1305 | CH12: 8.1925 | CI12: 6.5195 | CJ12: 5.0985 | CK12: 3.905 | CL12: 2.9265 | CM12: 2.142 | CN12: 1.517 | CO12: 1.033 | CP12: 0.6715 | CQ12: 0.411 | CR12: 0.239 | CS12: 0.141 | CT12: 0.084 | CU12: 0.0475 | CV12: 0.025 | CW12: 0.013 | CX12: 0.0055 | CY12: 0.002 | CZ12: 0.0005
A13: Estimates | B13: Ethiopia | C13: 1961 | D13: 926.0575 | E13: 818.3135 | F13: 744.6085 | G13: 676.1625 | H13: 630.661 | I13: 607.6205 | J13: 589.946 | K13: 569.666 | L13: 547.6945 | M13: 526.6555 | N13: 507.314 | O13: 515.826 | P13: 528.942 | Q13: 526.905 | R13: 522.325 | S13: 506.6615 | T13: 488.773 | U13: 470.4305 | V13: 452.6305 | W13: 435.9965 | X13: 420.8115 | Y13: 407.2805 | Z13: 395.5725 | AA13: 383.8665 | AB13: 370.5985 | AC13: 356.854 | AD13: 344.6595 | AE13: 334.0505 | AF13: 323.4685 | AG13: 312.6455 | AH13: 301.963 | AI13: 291.892 | AJ13: 282.3825 | AK13: 273.1455 | AL13: 264.2115 | AM13: 255.536 | AN13: 247.069 | AO13: 238.8145 | AP13: 230.686 | AQ13: 222.61 | AR13: 214.6675 | AS13: 206.936 | AT13: 199.3825 | AU13: 192.1005 | AV13: 185.221 | AW13: 178.638 | AX13: 172.204 | AY13: 165.941 | AZ13: 159.831 | BA13: 153.7745 | BB13: 147.803 | BC13: 141.904 | BD13: 135.9575 | BE13: 130.3465 | BF13: 125.384 | BG13: 120.646 | BH13: 115.8295 | BI13: 111.283 | BJ13: 105.842 | BK13: 98.388 | BL13: 90.0665 | BM13: 82.299 | BN13: 74.757 | BO13: 68.231 | BP13: 64.098 | BQ13: 61.101 | BR13: 57.81 | BS13: 54.506 | BT13: 51.257 | BU13: 47.4595 | BV13: 43.4245 | BW13: 39.6665 | BX13: 36.084 | BY13: 32.5905 | BZ13: 29.289 | CA13: 26.142 | CB13: 23.1735 | CC13: 20.3905 | CD13: 17.7135 | CE13: 15.109 | CF13: 12.65 | CG13: 10.4315 | CH13: 8.4665 | CI13: 6.74 | CJ13: 5.2785 | CK13: 4.061 | CL13: 3.058 | CM13: 2.252 | CN13: 1.6165 | CO13: 1.1215 | CP13: 0.745 | CQ13: 0.4735 | CR13: 0.2825 | CS13: 0.1615 | CT13: 0.093 | CU13: 0.055 | CV13: 0.0305 | CW13: 0.016 | CX13: 0.0085 | CY13: 0.0045 | CZ13: 0.002
... A1058: Medium | B1058: United States of America | C1058: 2100 | D1058: 3941.2915 | E1058: 3964.4975 | F1058: 3984.9755 | G1058: 4001.938 | H1058: 4014.9645 | I1058: 4027.197 | J1058: 4037.8325 | K1058: 4049.586 | L1058: 4058.8455 | M1058: 4069.1365 | N1058: 4079.763 | O1058: 4086.577 | P1058: 4094.872 | Q1058: 4106.0785 | R1058: 4117.358 | S1058: 4131.028 | T1058: 4157.195 | U1058: 4206.239 | V1058: 4284.579 | W1058: 4391.7685 | X1058: 4518.7845 | Y1058: 4651.073 | Z1058: 4770.5885 | AA1058: 4865.8605 | AB1058: 4936.284 | AC1058: 4983.1465 | AD1058: 5009.7515 | AE1058: 5025.255 | AF1058: 5031.0275 | AG1058: 5029.189 | AH1058: 5020.4735 | AI1058: 5005.2505 | AJ1058: 4988.8975 | AK1058: 4970.299 | AL1058: 4950.5705 | AM1058: 4931.1335 | AN1058: 4912.518 | AO1058: 4895.0575 | AP1058: 4880.157 | AQ1058: 4867.0035 | AR1058: 4853.8435 | AS1058: 4842.7425 | AT1058: 4836.3755 | AU1058: 4833.3645 | AV1058: 4830.4335 | AW1058: 4829.378 | AX1058: 4832.9135 | AY1058: 4838.618 | AZ1058: 4847.1095 | BA1058: 4858.2415 | BB1058: 4868.473 | BC1058: 4880.9705 | BD1058: 4894.903 | BE1058: 4908.2995 | BF1058: 4922.2215 | BG1058: 4927.3585 | BH1058: 4926.2635 | BI1058: 4923.445 | BJ1058: 4915.7825 | BK1058: 4901.982 | BL1058: 4880.526 | BM1058: 4850.985 | BN1058: 4814.78 | BO1058: 4777.35 | BP1058: 4735.2625 | BQ1058: 4689.551 | BR1058: 4647.827 | BS1058: 4605.8135 | BT1058: 4562.077 | BU1058: 4521.139 | BV1058: 4480.2515 | BW1058: 4437.9485 | BX1058: 4395.4275 | BY1058: 4355.114 | BZ1058: 4313.526 | CA1058: 4267.7935 | CB1058: 4213.142 | CC1058: 4190.979 | CD1058: 4131.018 | CE1058: 4011.212 | CF1058: 3975.326 | CG1058: 3971.9905 | CH1058: 3936.5425 | CI1058: 3909.1625 | CJ1058: 3858.607 | CK1058: 3761.979 | CL1058: 3616.408 | CM1058: 3452.5335 | CN1058: 3279.9385 | CO1058: 3088.711 | CP1058: 2900.161 | CQ1058: 2685.5385 | CR1058: 2420.7495 | CS1058: 2107.014 | CT1058: 1756.2125 | CU1058: 1417.375 | CV1058: 1112.813 | CW1058: 839.888 | CX1058: 611.516 | CY1058: 430.84 | CZ1058: 743.0985

Sheet Pop Country
A1: Index | B1: Region, subregion, country or area * | C1: Year | D1: 0 | E1: 1 | F1: 2 | G1: 3 | H1: 4 | I1: 5 | J1: 6 | K1: 7 | L1: 8 | M1: 9 | N1: 10 | O1: 11 | P1: 12 | Q1: 13 | R1: 14 | S1: 15 | T1: 16 | U1: 17 | V1: 18 | W1: 19 | X1: 20 | Y1: 21 | Z1: 22 | AA1: 23 | AB1: 24 | AC1: 25 | AD1: 26 | AE1: 27 | AF1: 28 | AG1: 29 | AH1: 30 | AI1: 31 | AJ1: 32 | AK1: 33 | AL1: 34 | AM1: 35 | AN1: 36 | AO1: 37 | AP1: 38 | AQ1: 39 | AR1: 40 | AS1: 41 | AT1: 42 | AU1: 43 | AV1: 44 | AW1: 45 | AX1: 46 | AY1: 47 | AZ1: 48 | BA1: 49 | BB1: 50 | BC1: 51 | BD1: 52 | BE1: 53 | BF1: 54 | BG1: 55 | BH1: 56 | BI1: 57 | BJ1: 58 | BK1: 59 | BL1: 60 | BM1: 61 | BN1: 62 | BO1: 63 | BP1: 64 | BQ1: 65 | BR1: 66 | BS1: 67 | BT1: 68 | BU1: 69 | BV1: 70 | BW1: 71 | BX1: 72 | BY1: 73 | BZ1: 74 | CA1: 75 | CB1: 76 | CC1: 77 | CD1: 78 | CE1: 79 | CF1: 80 | CG1: 81 | CH1: 82 | CI1: 83 | CJ1: 84 | CK1: 85 | CL1: 86 | CM1: 87 | CN1: 88 | CO1: 89 | CP1: 90 | CQ1: 91 | CR1: 92 | CS1: 93 | CT1: 94 | CU1: 95 | CV1: 96 | CW1: 97 | CX1: 98 | CY1: 99 | CZ1: 100+
A2: Estimates | C2: 1950
A3: Estimates | C3: 1951
A4: Estimates | C4: 1952
A5: Estimates | C5: 1953
A6: Estimates | C6: 1954
A7: Estimates | C7: 1955
A8: Estimates | C8: 1956
A9: Estimates | C9: 1957
A10: Estimates | C10: 1958
A11: Estimates | C11: 1959
A12: Estimates | C12: 1960
A13: Estimates | C13: 1961
... A152: Medium | C152: 2100

Sheet Aggregate values LY
A1: Variant | B1: Region, subregion, country or area * | C1: Year | D1: 0 | E1: 1 | F1: 2 | G1: 3 | H1: 4 | I1: 5 | J1: 6 | K1: 7 | L1: 8 | M1: 9 | N1: 10 | O1: 11 | P1: 12 | Q1: 13 | R1: 14 | S1: 15 | T1: 16 | U1: 17 | V1: 18 | W1: 19 | X1: 20 | Y1: 21 | Z1: 22 | AA1: 23 | AB1: 24 | AC1: 25 | AD1: 26 | AE1: 27 | AF1: 28 | AG1: 29 | AH1: 30 | AI1: 31 | AJ1: 32 | AK1: 33 | AL1: 34 | AM1: 35 | AN1: 36 | AO1: 37 | AP1: 38 | AQ1: 39 | AR1: 40 | AS1: 41 | AT1: 42 | AU1: 43 | AV1: 44 | AW1: 45 | AX1: 46 | AY1: 47 | AZ1: 48 | BA1: 49 | BB1: 50 | BC1: 51 | BD1: 52 | BE1: 53 | BF1: 54 | BG1: 55 | BH1: 56 | BI1: 57 | BJ1: 58 | BK1: 59 | BL1: 60 | BM1: 61 | BN1: 62 | BO1: 63 | BP1: 64 | BQ1: 65 | BR1: 66 | BS1: 67 | BT1: 68 | BU1: 69 | BV1: 70 | BW1: 71 | BX1: 72 | BY1: 73 | BZ1: 74 | CA1: 75 | CB1: 76 | CC1: 77 | CD1: 78 | CE1: 79 | CF1: 80 | CG1: 81 | CH1: 82 | CI1: 83 | CJ1: 84 | CK1: 85 | CL1: 86 | CM1: 87 | CN1: 88 | CO1: 89 | CP1: 90 | CQ1: 91 | CR1: 92 | CS1: 93 | CT1: 94 | CU1: 95 | CV1: 96 | CW1: 97 | CX1: 98 | CY1: 99 | CZ1: 100+ | DA1: Aggregate LY
A2: Estimates | B2: ='Pop Country'!B2 -> 0 | C2: 1950
A3: Estimates | B3: ='Pop Country'!B3 -> 0 | C3: 1951
A4: Estimates | B4: ='Pop Country'!B4 -> 0 | C4: 1952
A5: Estimates | B5: ='Pop Country'!B5 -> 0 | C5: 1953
A6: Estimates | B6: ='Pop Country'!B6 -> 0 | C6: 1954
A7: Estimates | B7: ='Pop Country'!B7 -> 0 | C7: 1955
A8: Estimates | B8: ='Pop Country'!B8 -> 0 | C8: 1956
A9: Estimates | B9: ='Pop Country'!B9 -> 0 | C9: 1957
A10: Estimates | B10: ='Pop Country'!B10 -> 0 | C10: 1958
A11: Estimates | B11: ='Pop Country'!B11 -> 0 | C11: 1959
A12: Estimates | B12: ='Pop Country'!B12 -> 0 | C12: 1960
A13: Estimates | B13: ='Pop Country'!B13 -> 0 | C13: 1961
... A152: Medium | B152: ='Pop Country'!B152 -> 0 | C152: 2100

Sheet Aggregate values C
A1: Index | B1: Variant | C1: Region, subregion, country or area * | D1: Year | E1: 0 | F1: 1 | G1: 2 | H1: 3 | I1: 4 | J1: 5 | K1: 6 | L1: 7 | M1: 8 | N1: 9 | O1: 10 | P1: 11 | Q1: 12 | R1: 13 | S1: 14 | T1: 15 | U1: 16 | V1: 17 | W1: 18 | X1: 19 | Y1: 20 | Z1: 21 | AA1: 22 | AB1: 23 | AC1: 24 | AD1: 25 | AE1: 26 | AF1: 27 | AG1: 28 | AH1: 29 | AI1: 30 | AJ1: 31 | AK1: 32 | AL1: 33 | AM1: 34 | AN1: 35 | AO1: 36 | AP1: 37 | AQ1: 38 | AR1: 39 | AS1: 40 | AT1: 41 | AU1: 42 | AV1: 43 | AW1: 44 | AX1: 45 | AY1: 46 | AZ1: 47 | BA1: 48 | BB1: 49 | BC1: 50 | BD1: 51 | BE1: 52 | BF1: 53 | BG1: 54 | BH1: 55 | BI1: 56 | BJ1: 57 | BK1: 58 | BL1: 59 | BM1: 60 | BN1: 61 | BO1: 62 | BP1: 63 | BQ1: 64 | BR1: 65 | BS1: 66 | BT1: 67 | BU1: 68 | BV1: 69 | BW1: 70 | BX1: 71 | BY1: 72 | BZ1: 73 | CA1: 74 | CB1: 75 | CC1: 76 | CD1: 77 | CE1: 78 | CF1: 79 | CG1: 80 | CH1: 81 | CI1: 82 | CJ1: 83 | CK1: 84 | CL1: 85 | CM1: 86 | CN1: 87 | CO1: 88 | CP1: 89 | CQ1: 90 | CR1: 91 | CS1: 92 | CT1: 93 | CU1: 94 | CV1: 95 | CW1: 96 | CX1: 97 | CY1: 98 | CZ1: 99 | DA1: 100+ | DB1: Aggregate C
A2: 18728 | B2: Estimates | D2: 1950
A3: 18729 | B3: Estimates | D3: 1951
A4: 18730 | B4: Estimates | D4: 1952
A5: 18731 | B5: Estimates | D5: 1953
A6: 18732 | B6: Estimates | D6: 1954
A7: 18733 | B7: Estimates | D7: 1955
A8: 18734 | B8: Estimates | D8: 1956
A9: 18735 | B9: Estimates | D9: 1957
A10: 18736 | B10: Estimates | D10: 1958
A11: 18737 | B11: Estimates | D11: 1959
A12: 18738 | B12: Estimates | D12: 1960
A13: 18739 | B13: Estimates | D13: 1961
... A152: 19563 | B152: Medium | D152: 2100

Sheet Demographic Dividend
A1: Region, subregion, country or area * | B1: Year | C1: ESR | D1: Demographic Dividend (growth rate)
B2: 1950
B3: 1951
B4: 1952
B5: 1953
B6: 1954
B7: 1955
B8: 1956
B9: 1957
B10: 1958
B11: 1959
B12: 1960
B13: 1961
... B152: 2100
